Cost of Living Index,Rent Index,Cost of Living Plus Rent Index,Groceries Index,Restaurant Price Index,Local Purchasing Power Index,city,country
149.02,96.1,124.22,157.89,155.22,79.43,Hamilton,Bermuda
131.24,69.26,102.19,136.14,132.52,129.79,Zurich,Switzerland
130.93,49.38,92.7,137.07,130.95,111.53,Basel,Switzerland
128.13,72.12,101.87,132.61,130.93,143.4,Zug,Switzerland
123.99,44.99,86.96,129.17,119.8,111.96,Lugano,Switzerland
122.03,59.55,92.74,122.56,127.01,127.01,Lausanne,Switzerland
120.47,27.76,77.01,141.33,116.95,15.4,Beirut,Lebanon
118.16,46.12,84.39,118.37,120.88,112.46,Bern,Switzerland
114.05,75.05,95.77,112.7,126.31,120.6,Geneva,Switzerland
104.61,35.38,72.16,102.46,107.51,85.9,Stavanger,Norway
103.65,65.07,85.56,114.92,94.28,89.24,"Honolulu, HI",United States
102.33,46.39,76.11,97.62,111.54,85.18,Oslo,Norway
100.38,34.84,69.66,96.22,103.51,86.96,Bergen,Norway
100.0,100.0,100.0,100.0,100.0,100.0,"New York, NY",United States
99.43,37.74,70.52,95.11,103.21,88.0,Trondheim,Norway
98.99,37.19,70.02,97.73,103.47,89.46,Tromso,Norway
97.61,46.27,73.55,91.92,105.77,74.84,Reykjavik,Iceland
96.54,65.22,81.85,79.94,109.51,80.43,Saint Helier,Jersey
95.01,78.42,87.23,99.53,99.41,93.86,"Santa Barbara, CA",United States
94.49,53.22,75.15,82.98,106.66,70.22,Tel Aviv-Yafo,Israel
94.36,88.22,91.48,106.23,78.85,85.78,"Berkeley, CA",United States
93.91,108.42,100.72,97.05,93.4,133.16,"San Francisco, CA",United States
92.93,87.79,90.52,98.46,78.71,111.73,"Oakland, CA",United States
91.23,39.29,66.88,97.95,78.76,118.63,"Anchorage, AK",United States
89.41,90.39,89.87,100.63,73.46,155.41,"Santa Clara, CA",United States
88.86,32.68,62.52,76.04,100.37,72.86,Petah Tikva,Israel
88.77,23.1,57.99,81.06,92.07,80.11,Beersheba,Israel
88.52,65.84,77.89,87.34,93.09,145.39,"Seattle, WA",United States
88.34,49.42,70.1,71.49,106.02,90.67,Copenhagen,Denmark
88.18,36.52,63.97,69.2,111.78,95.49,Arhus,Denmark
87.44,24.34,57.86,74.28,94.59,77.61,Haifa,Israel
86.32,40.36,64.78,74.46,101.01,79.55,Jerusalem,Israel
85.98,36.36,62.72,76.79,86.61,46.7,Nassau,Bahamas
85.62,76.51,81.35,64.08,89.41,88.79,London,United Kingdom
85.61,42.71,65.5,94.94,52.26,88.58,Tokyo,Japan
85.47,78.26,82.09,85.4,90.86,115.72,"Boston, MA",United States
84.6,36.1,61.87,83.37,87.59,64.22,Nice,France
84.35,48.79,67.68,83.65,81.64,80.2,Paris,France
84.02,69.36,77.15,79.19,83.16,105.72,"Queens, NY",United States
83.98,66.43,75.75,77.08,61.17,91.34,Singapore,Singapore
83.74,73.47,78.93,83.86,82.36,121.83,"Washington, DC",United States
83.21,58.03,71.41,79.65,73.06,104.52,Sydney,Australia
82.99,63.43,73.82,75.83,95.17,100.19,Luxembourg,Luxembourg
82.46,35.95,60.66,74.46,100.73,90.3,Espoo,Finland
82.43,23.26,54.7,71.24,93.27,100.93,Aalborg,Denmark
82.36,39.14,62.1,89.37,68.36,115.5,"Pittsburgh, PA",United States
82.06,35.04,60.02,83.7,83.45,109.44,Darwin,Australia
80.82,55.8,69.09,64.45,85.59,94.45,Amsterdam,Netherlands
80.79,63.0,72.45,81.67,73.28,155.89,"Jersey City, NJ",United States
80.71,74.57,77.83,84.72,58.58,65.74,Hong Kong,Hong Kong
80.64,32.34,58.0,67.22,85.84,84.3,Breda,Netherlands
80.26,34.06,58.6,87.2,67.48,57.49,"Nanaimo, BC",Canada
80.19,45.49,63.93,75.19,79.09,79.21,Auckland,New Zealand
79.79,52.81,67.14,66.33,79.42,77.06,Haarlem,Netherlands
79.76,44.61,63.28,65.53,85.88,77.9,Utrecht,Netherlands
79.57,51.44,66.39,63.41,86.88,74.78,Brighton,United Kingdom
79.44,37.56,59.81,79.33,74.5,103.8,Brisbane,Australia
79.19,49.57,65.31,81.67,71.07,115.61,"Philadelphia, PA",United States
79.19,74.48,76.98,75.94,91.73,126.12,"Los Angeles, CA",United States
79.08,47.05,64.07,79.07,78.57,114.68,"Minneapolis, MN",United States
79.06,23.62,53.07,71.16,89.3,96.82,Turku,Finland
79.05,62.39,71.24,63.64,83.31,81.82,Dublin,Ireland
78.92,43.96,62.54,70.58,82.0,95.42,Stockholm,Sweden
78.82,28.19,55.09,84.3,75.48,84.93,"Birmingham, AL",United States
78.66,33.87,57.66,98.28,47.26,74.5,Seoul,South Korea
78.24,37.74,59.26,64.14,78.09,86.92,Eindhoven,Netherlands
78.23,28.34,54.85,63.2,90.81,94.79,Odense,Denmark
78.0,64.96,71.88,76.72,79.18,93.71,"Miami, FL",United States
77.94,27.96,54.51,65.77,77.83,78.31,Groningen,Netherlands
77.88,50.55,65.07,80.84,70.23,101.43,"Sacramento, CA",United States
77.8,31.3,56.0,65.82,79.62,86.52,Nijmegen,Netherlands
77.52,47.34,63.37,66.77,76.82,95.16,Munich,Germany
77.44,39.8,59.8,67.73,77.69,71.94,Galway,Ireland
77.4,21.57,51.23,77.91,77.37,62.75,"St. John's, Newfoundland and Labrador",Canada
77.32,30.14,55.2,66.32,79.87,68.01,Innsbruck,Austria
77.29,33.08,56.57,76.45,72.08,110.04,Perth,Australia
77.26,48.61,63.83,77.13,78.68,121.26,"Charleston, SC",United States
77.25,45.36,62.3,85.59,71.12,94.16,"Asheville, NC",United States
77.21,31.45,55.76,76.04,71.34,82.65,Lyon,France
77.2,37.29,58.49,66.23,76.16,77.18,Leiden,Netherlands
77.17,38.32,58.96,69.7,83.74,83.51,Helsinki,Finland
77.06,57.25,67.77,73.3,76.34,135.26,"Chicago, IL",United States
76.86,56.56,67.35,81.28,82.48,101.32,"Fort Lauderdale, FL",United States
76.83,52.91,65.62,75.46,74.61,108.09,"Portland, OR",United States
76.76,38.65,58.9,77.78,74.68,102.16,Melbourne,Australia
76.71,29.13,54.41,82.24,44.42,81.58,Osaka,Japan
76.66,45.43,62.02,75.75,69.08,85.49,Wellington,New Zealand
76.65,44.9,61.77,80.26,79.11,89.12,Victoria,Canada
76.61,56.47,67.17,79.84,74.29,87.68,Vancouver,Canada
76.6,48.58,63.47,78.0,70.94,130.67,"Atlanta, GA",United States
76.59,32.79,56.06,78.09,67.72,104.24,Adelaide,Australia
76.58,28.43,54.01,72.64,72.53,104.91,Lund,Sweden
76.57,24.74,52.27,75.31,79.45,90.06,Toulouse,France
76.36,38.13,58.44,77.93,82.35,79.64,Guelph,Canada
76.24,41.74,60.07,64.83,76.3,91.36,Rotterdam,Netherlands
76.17,43.96,61.07,73.4,77.55,106.63,"Saint Paul, MN",United States
76.15,42.64,60.44,62.63,82.01,84.45,Cork,Ireland
76.02,49.12,63.41,66.52,74.95,78.75,Guildford,United Kingdom
75.94,48.36,63.01,77.11,61.45,105.41,"Plano, TX",United States
75.94,42.5,60.26,76.81,79.07,105.11,Canberra,Australia
75.83,46.37,62.02,80.03,74.23,98.28,"Tampa, FL",United States
75.8,39.95,58.99,73.38,73.8,101.22,Gold Coast,Australia
75.68,49.17,63.25,65.9,75.45,104.03,Oxford,United Kingdom
75.62,57.61,67.18,82.53,40.27,57.39,Nagoya,Japan
75.6,22.24,50.59,60.86,90.13,88.99,Lincoln,United Kingdom
75.52,34.08,56.1,62.37,80.71,73.46,York,United Kingdom
75.47,68.77,72.33,73.82,78.67,127.94,"San Diego, CA",United States
75.41,35.29,56.6,76.36,79.48,125.32,"Cleveland, OH",United States
75.31,30.21,54.17,72.55,80.25,106.03,"Omaha, NE",United States
75.27,28.6,53.39,64.58,85.8,83.59,Leuven,Belgium
75.27,41.7,59.53,63.44,85.76,100.89,Reading,United Kingdom
75.24,31.02,54.51,74.45,72.93,123.18,Hamilton,New Zealand
75.16,55.36,65.88,72.13,76.59,129.98,"Denver, CO",United States
75.08,27.8,52.92,68.03,76.36,83.94,Uppsala,Sweden
74.99,37.63,57.48,74.17,79.49,118.92,Newcastle,Australia
74.91,34.04,55.75,82.91,65.22,87.92,Halifax,Canada
74.8,44.61,60.65,62.83,80.37,53.96,Milan,Italy
74.78,31.54,54.51,68.77,82.09,47.96,Sliema,Malta
74.59,22.54,50.19,70.69,62.68,79.03,Graz,Austria
74.39,33.35,55.15,64.69,77.0,87.04,Brussels,Belgium
74.29,29.56,53.32,72.4,73.62,124.36,"Buffalo, NY",United States
74.29,51.78,63.74,69.91,74.36,101.29,Toronto,Canada
74.26,41.51,58.91,74.4,72.77,137.64,"Colorado Springs, CO",United States
74.12,74.93,74.5,75.4,71.0,157.35,"Fremont, CA",United States
74.11,40.25,58.24,61.06,77.49,96.5,Limerick,Ireland
73.98,35.81,56.09,78.63,63.1,89.2,"Salem, OR",United States
73.94,41.27,58.63,64.74,76.42,88.51,The Hague (Den Haag),Netherlands
73.93,37.44,56.83,71.28,73.19,101.63,Hobart,Australia
73.85,32.58,54.51,72.38,70.9,90.2,Christchurch,New Zealand
73.75,26.67,51.68,67.5,79.03,84.86,Malmo,Sweden
73.71,82.3,77.74,70.53,74.25,157.39,"San Jose, CA",United States
73.62,53.5,64.19,73.46,74.0,111.46,"Nashville, TN",United States
73.61,28.67,52.54,66.31,76.96,93.83,Enschede,Netherlands
73.58,37.93,56.87,77.67,81.13,108.83,"Olympia, WA",United States
73.56,36.64,56.26,65.97,72.83,86.5,Maastricht,Netherlands
73.56,41.68,58.61,74.65,73.38,136.13,"Baltimore, MD",United States
73.55,43.45,59.44,69.49,76.72,92.88,"New Orleans, LA",United States
73.55,26.48,51.49,67.58,75.39,78.35,Linz,Austria
73.4,34.08,54.97,70.06,72.09,114.16,Calgary,Canada
73.15,37.38,56.38,59.68,84.71,88.03,Edinburgh,United Kingdom
73.15,39.86,57.54,70.8,73.74,94.3,Ottawa,Canada
73.14,37.65,56.5,60.6,73.63,73.92,Milton Keynes,United Kingdom
73.14,34.94,55.23,60.14,87.5,91.33,Manchester,United Kingdom
73.12,47.77,61.24,67.93,65.27,99.7,Mississauga,Canada
73.05,46.16,60.44,60.4,83.11,92.85,Cambridge,United Kingdom
72.97,31.35,53.46,65.03,77.34,101.17,Gothenburg,Sweden
72.86,29.03,52.32,68.2,73.73,109.54,Edmonton,Canada
72.81,21.7,48.85,60.1,77.72,60.66,Parma,Italy
72.79,19.72,47.91,69.58,71.05,51.57,Genoa,Italy
72.78,39.15,57.02,58.44,66.41,106.89,Frankfurt,Germany
72.75,43.09,58.84,83.18,56.71,100.34,"Fort Collins, CO",United States
72.67,21.4,48.64,72.16,66.83,81.58,Grenoble,France
72.64,23.27,49.5,65.21,73.57,63.32,Bergamo,Italy
72.57,21.68,48.71,58.01,80.36,119.81,Derby,United Kingdom
72.54,31.69,53.39,78.24,62.48,85.03,"Iowa City, IA",United States
72.54,30.43,52.8,65.99,63.12,91.65,Delft,Netherlands
72.53,31.3,53.2,79.21,65.02,78.44,"Syracuse, NY",United States
72.38,45.16,59.62,72.08,81.87,101.79,"Everett, WA",United States
72.27,27.99,51.51,68.37,69.98,88.18,Saskatoon,Canada
72.14,32.91,53.75,52.74,77.41,102.21,Heidelberg,Germany
72.1,45.74,59.74,65.21,77.13,108.69,Markham,Canada
72.01,36.75,55.48,57.23,68.12,101.1,Hamburg,Germany
71.73,22.46,48.64,70.32,65.19,123.94,Red Deer,Canada
71.67,40.84,57.22,71.55,72.28,98.13,Surrey,Canada
71.65,18.08,46.54,64.55,73.07,63.01,Trieste,Italy
71.57,29.13,51.68,71.98,69.13,100.12,"Rochester, NY",United States
71.56,39.74,56.65,73.6,68.6,109.19,"Milwaukee, WI",United States
71.49,34.7,54.24,69.53,78.98,129.75,"Albany, NY",United States
71.39,26.18,50.19,56.4,86.7,90.09,Liverpool,United Kingdom
71.34,26.73,50.43,65.7,70.68,91.62,Nottingham,United Kingdom
71.33,25.8,49.99,61.55,76.0,90.25,Antwerp,Belgium
71.32,40.45,56.85,56.75,83.16,84.81,Bristol,United Kingdom
71.19,25.36,49.71,61.78,84.07,91.43,Tampere,Finland
71.16,30.52,52.11,62.31,78.14,85.02,Portsmouth,United Kingdom
71.08,30.96,52.27,53.92,73.85,95.72,Bonn,Germany
71.05,23.86,48.93,72.68,64.74,95.31,Marseille,France
71.0,37.19,55.15,62.72,70.26,51.33,Rome,Italy
70.87,26.04,49.86,73.26,67.88,84.35,Tauranga,New Zealand
70.81,27.63,50.57,65.22,73.13,53.36,Florence,Italy
70.7,24.61,49.1,58.0,73.68,84.01,Plymouth,United Kingdom
70.68,36.65,54.73,68.34,67.09,110.05,"Detroit, MI",United States
70.67,46.95,59.55,71.66,71.09,96.91,"Reno, NV",United States
70.62,20.64,47.19,66.72,69.74,101.06,Oulu,Finland
70.6,31.2,52.13,73.62,68.41,89.93,Montreal,Canada
70.53,32.15,52.54,66.99,68.46,77.81,Salzburg,Austria
70.49,36.54,54.57,64.74,79.2,100.36,London,Canada
70.44,39.17,55.78,69.11,60.26,103.49,Brampton,Canada
70.42,40.41,56.35,70.1,66.32,112.62,"Fort Worth, TX",United States
70.37,42.09,57.11,80.32,66.25,104.76,"Durham, NC",United States
70.33,27.37,50.19,70.13,62.04,101.59,Winnipeg,Canada
70.28,47.97,59.82,74.16,63.62,159.99,"Ann Arbor, MI",United States
70.27,37.64,54.98,72.21,70.22,92.73,"Greensboro, NC",United States
70.14,32.29,52.4,74.76,58.11,66.7,San Juan,Puerto Rico
70.06,51.42,61.32,69.24,67.63,144.88,"Charlotte, NC",United States
70.06,26.85,49.81,62.4,73.92,79.66,Norwich,United Kingdom
69.97,27.3,49.97,60.18,76.78,77.4,Gent,Belgium
69.9,31.96,52.11,54.86,74.18,93.92,Exeter,United Kingdom
69.89,21.15,47.04,56.17,60.72,105.62,Dortmund,Germany
69.87,57.14,63.9,73.73,74.39,110.03,"Long Beach, CA",United States
69.79,26.48,49.49,61.83,74.24,58.89,Bologna,Italy
69.79,55.44,63.07,70.45,70.77,110.05,North Vancouver,Canada
69.73,41.68,56.58,64.84,71.84,77.45,Kelowna,Canada
69.7,37.02,54.38,67.9,68.94,151.29,"Columbus, OH",United States
69.64,18.56,45.7,63.15,69.04,69.1,Brescia,Italy
69.64,37.71,54.67,78.13,67.36,88.21,"Eugene, OR",United States
69.61,41.06,56.23,72.72,51.65,67.31,Macao,Macao
69.59,31.03,51.51,56.46,64.7,89.1,Cologne,Germany
69.51,35.37,53.51,74.58,70.42,144.3,"Jacksonville, FL",United States
69.44,26.68,49.4,70.31,66.08,104.02,Regina,Canada
69.37,43.85,57.4,66.78,71.42,135.94,"Phoenix, AZ",United States
69.33,30.03,50.91,72.4,65.94,108.35,"Des Moines, IA",United States
68.99,21.46,46.71,69.42,65.08,87.22,Quebec City,Canada
68.97,34.02,52.59,64.72,72.91,116.4,"Fresno, CA",United States
68.94,38.59,54.71,56.41,61.05,105.86,Berlin,Germany
68.91,29.64,50.51,56.87,76.53,106.17,Cardiff,United Kingdom
68.88,31.13,51.19,64.56,71.92,58.02,Windsor,Canada
68.76,28.82,50.04,55.63,77.95,96.42,Glasgow,United Kingdom
68.7,35.83,53.29,67.31,70.72,73.85,Kitchener,Canada
68.57,43.47,56.8,64.68,69.82,126.09,"Vancouver, WA",United States
68.57,33.0,51.9,68.42,65.4,75.42,Kingston,Canada
68.51,25.89,48.53,55.01,66.96,79.93,Augsburg,Germany
68.38,35.27,52.86,55.5,71.32,109.02,Stuttgart,Germany
68.36,34.66,52.56,61.71,66.93,79.56,Vienna,Austria
68.35,22.77,46.98,51.32,65.4,95.07,Mannheim,Germany
68.34,38.21,54.22,61.14,73.39,124.83,"Las Vegas, NV",United States
68.29,43.29,56.57,60.93,81.52,82.63,"Boise, ID",United States
68.28,32.44,51.48,52.64,68.8,109.99,Dusseldorf,Germany
68.2,41.39,55.63,70.36,69.44,144.12,"Raleigh, NC",United States
68.17,22.37,46.7,66.1,66.85,52.1,Pisa,Italy
68.11,35.09,52.63,64.88,70.34,112.36,"Spokane, WA",United States
68.1,45.87,57.68,66.7,69.78,123.32,"Orlando, FL",United States
68.03,27.92,49.23,66.09,59.01,79.21,"Dayton, OH",United States
67.98,21.34,46.11,62.32,68.68,63.11,Verona,Italy
67.85,50.17,59.56,63.61,71.74,170.66,"Dallas, TX",United States
67.75,37.52,53.58,65.07,77.5,130.94,"Richmond, VA",United States
67.71,32.24,51.09,70.16,69.26,109.65,"Louisville, KY",United States
67.59,32.4,51.09,55.69,69.59,98.44,Southampton,United Kingdom
67.57,30.47,50.18,56.17,75.71,88.49,Leeds,United Kingdom
67.54,21.03,45.74,60.07,72.34,61.95,Treviso,Italy
67.32,38.75,53.93,66.91,72.34,132.13,"Madison, WI",United States
67.25,33.1,51.24,55.36,68.91,81.78,Birmingham,United Kingdom
67.14,36.12,52.6,67.62,67.64,121.53,"Indianapolis, IN",United States
67.04,27.03,48.29,55.62,60.74,95.57,Hanover,Germany
66.97,25.4,47.49,55.63,60.21,115.65,Nuremberg,Germany
66.95,35.98,52.43,67.04,66.75,86.35,Hamilton,Canada
66.94,28.91,49.11,58.06,63.75,108.7,Coventry,United Kingdom
66.86,25.72,47.57,56.08,71.13,97.66,Newcastle upon Tyne,United Kingdom
66.83,32.58,50.78,67.03,66.47,123.2,"Saint Louis, MO",United States
66.67,28.74,48.89,50.43,68.61,107.39,Ulm,Germany
66.58,17.51,43.58,52.76,73.8,97.94,Stoke-on-Trent,United Kingdom
66.5,57.68,62.36,67.33,73.74,158.21,"Austin, TX",United States
66.46,23.27,46.22,56.19,73.5,82.43,Dundee,United Kingdom
66.3,22.43,45.73,50.44,73.24,85.4,Saarbrucken,Germany
66.07,33.5,50.8,60.66,75.16,127.2,"Kansas City, MO",United States
66.06,18.51,43.77,58.2,67.44,57.68,Cagliari,Italy
65.88,27.8,48.03,51.61,66.17,103.03,Karlsruhe,Germany
65.88,26.92,47.62,57.43,63.83,89.07,Sheffield,United Kingdom
65.8,24.64,46.5,80.24,34.24,59.33,Taipei,Taiwan
65.74,26.12,47.17,57.73,74.02,91.62,Belfast,United Kingdom
65.69,37.25,52.36,69.0,60.43,91.7,"Chattanooga, TN",United States
65.48,27.73,47.78,52.99,60.54,108.54,Darmstadt,Germany
65.26,29.86,48.66,53.36,72.33,55.84,Limassol,Cyprus
65.19,22.02,44.95,59.26,64.02,67.23,Turin,Italy
65.18,32.67,49.94,63.59,56.27,71.18,St.Catharines,Canada
65.13,28.11,47.78,59.33,66.34,97.21,Best,Netherlands
64.99,22.91,45.26,64.78,63.45,90.45,"Toledo, OH",United States
64.95,42.34,54.35,61.4,65.68,140.61,"Salt Lake City, UT",United States
64.94,31.83,49.42,69.97,57.78,127.95,"Oklahoma City, OK",United States
64.93,22.03,44.82,52.16,69.96,66.62,Padova,Italy
64.91,24.93,46.17,52.47,72.19,92.59,Leicester,United Kingdom
64.65,35.49,50.98,50.02,62.73,94.46,Freiburg im Breisgau,Germany
64.54,24.83,45.93,49.25,67.89,131.75,Erlangen,Germany
64.53,19.34,43.35,52.57,65.96,60.28,Nicosia,Cyprus
64.39,39.74,52.83,64.25,63.76,125.17,"Cincinnati, OH",United States
64.34,27.66,47.15,61.91,65.88,83.69,"Tucson, AZ",United States
64.32,44.08,54.83,48.24,70.7,101.11,Dubai,United Arab Emirates
63.94,43.38,54.3,61.26,67.45,172.98,"Houston, TX",United States
63.81,26.88,46.5,57.84,61.97,65.48,Bilbao,Spain
63.73,32.77,49.21,48.72,68.9,76.52,Bournemouth,United Kingdom
63.66,32.99,49.28,63.2,72.07,103.42,"Mesa, AZ",United States
63.61,20.98,43.63,47.32,65.81,81.89,Essen,Germany
63.44,33.91,49.6,64.6,64.07,122.44,"Albuquerque, NM",United States
63.4,23.06,44.49,47.87,77.47,102.02,Aberdeen,United Kingdom
62.92,29.27,47.15,69.21,55.65,102.4,"Lexington, KY",United States
62.9,49.19,56.48,55.14,63.0,89.93,Doha,Qatar
62.83,23.29,44.3,47.91,55.86,79.8,Leipzig,Germany
62.59,38.27,51.19,57.25,69.45,137.67,"San Antonio, TX",United States
62.59,18.14,41.75,53.28,65.58,64.98,Bari,Italy
62.46,21.21,43.12,47.74,58.64,109.14,Dresden,Germany
62.35,28.92,46.68,58.89,60.48,132.05,"Tulsa, OK",United States
62.35,21.37,43.14,53.19,59.26,56.2,Naples,Italy
62.29,34.91,49.45,58.08,69.54,109.95,"Memphis, TN",United States
62.24,23.82,44.23,48.69,61.63,77.06,Bremen,Germany
62.2,22.9,43.78,63.55,55.56,102.89,"Akron, OH",United States
62.07,21.79,43.19,52.73,63.89,86.57,Kingston upon Hull,United Kingdom
61.81,21.74,43.03,49.49,57.99,116.48,Aachen,Germany
61.4,15.91,40.08,75.57,28.88,55.49,Kaohsiung,Taiwan
61.36,27.54,45.51,47.29,61.66,103.28,Regensburg,Germany
61.15,30.6,46.83,49.39,61.89,70.83,Barcelona,Spain
59.26,25.6,43.48,57.28,64.63,131.07,"Little Rock, AR",United States
59.2,19.23,40.46,51.98,73.56,40.68,Port of Spain,Trinidad And Tobago
59.01,31.95,46.32,49.14,62.31,74.83,Madrid,Spain
58.97,28.92,44.88,48.41,61.53,63.24,Palma de Mallorca,Spain
58.97,17.92,39.73,46.99,60.78,40.03,Athens,Greece
58.92,24.26,42.67,53.08,57.42,119.24,"Wichita, KS",United States
58.74,10.18,35.98,43.05,43.7,37.37,Patras,Greece
58.4,13.6,37.4,43.85,55.28,37.91,Thessaloniki,Greece
57.97,14.72,37.7,49.5,52.07,58.89,Palermo,Italy
57.89,91.8,73.79,49.79,58.49,75.22,Abu Dhabi,United Arab Emirates
57.38,19.76,39.74,47.83,55.84,55.32,Larnaca,Cyprus
57.35,17.53,38.68,44.63,61.39,54.62,Catania,Italy
57.26,29.87,44.42,56.24,33.01,28.52,Male,Maldives
57.18,23.5,41.4,49.44,52.01,60.19,Ljubljana,Slovenia
57.08,15.25,37.47,47.25,44.72,36.04,Heraklion,Greece
55.92,23.17,40.56,54.45,48.18,118.77,"El Paso, TX",United States
55.91,17.2,37.77,45.92,40.14,1.62,Havana,Cuba
55.75,19.24,38.63,42.71,58.55,64.89,Tallinn,Estonia
54.8,18.03,37.56,48.83,54.8,69.32,Zaragoza (Saragossa),Spain
54.54,26.23,41.27,55.82,47.98,32.31,Panama City,Panama
54.3,28.18,42.06,42.9,50.3,62.59,Manama,Bahrain
53.9,44.47,49.48,57.06,42.55,53.0,Shanghai,China
53.85,16.29,36.24,43.62,43.19,92.73,Riyadh,Saudi Arabia
53.79,15.16,35.68,45.81,54.85,60.53,Tartu,Estonia
53.43,17.42,36.55,43.92,55.09,74.98,Vigo,Spain
53.28,20.95,38.13,49.6,47.29,71.04,Seville (Sevilla),Spain
52.97,22.45,38.67,45.34,55.18,70.04,Valencia,Spain
52.86,16.35,35.74,43.42,52.53,61.21,Paphos,Cyprus
52.72,28.6,41.41,57.92,29.33,20.57,Makati,Philippines
52.58,27.92,41.02,38.45,59.57,48.26,Ajman,United Arab Emirates
52.57,11.1,33.13,43.47,36.65,76.08,Jeddah (Jiddah),Saudi Arabia
52.52,26.1,40.14,44.09,51.62,65.84,Malaga,Spain
52.18,10.63,32.7,41.65,48.02,29.51,Amman,Jordan
52.03,16.04,35.16,44.53,46.02,81.61,Granada,Spain
52.0,15.11,34.71,43.85,47.54,30.79,Montevideo,Uruguay
51.78,26.02,39.7,45.19,42.51,71.96,Prague,Czech Republic
51.73,16.05,35.01,44.19,51.54,78.54,Murcia,Spain
51.7,31.39,42.18,40.29,50.65,48.26,Lisbon,Portugal
51.64,14.31,34.14,44.32,43.38,68.02,Maribor,Slovenia
51.59,15.72,34.78,44.75,46.61,42.48,Split,Croatia
51.57,18.43,36.04,53.78,38.03,26.11,Kingston,Jamaica
51.54,14.75,34.29,38.97,50.95,52.82,Riga,Latvia
51.47,19.85,36.65,43.08,52.15,79.93,Alicante,Spain
51.24,18.54,35.91,47.14,48.5,86.53,Muscat,Oman
51.08,28.06,40.29,57.71,34.42,68.96,Shenzhen,China
50.92,19.62,36.25,43.04,52.25,63.82,Santa Cruz de Tenerife,Spain
50.87,23.33,37.96,42.88,46.64,23.14,Dakar,Senegal
50.86,38.41,45.03,38.25,55.25,41.22,Cascais,Portugal
50.52,23.41,37.81,45.62,47.89,56.7,Las Palmas de Gran Canaria,Spain
50.49,17.44,35.0,36.77,21.45,9.83,Addis Ababa,Ethiopia
50.36,26.45,39.15,50.2,25.83,29.77,Bangkok,Thailand
50.14,12.26,32.38,44.3,46.92,43.59,Rijeka,Croatia
50.1,18.84,35.44,54.48,23.19,14.8,Phnom Penh,Cambodia
49.88,17.1,34.51,42.03,40.36,55.08,Zagreb,Croatia
49.53,39.16,44.67,47.4,39.45,53.08,Beijing,China
49.44,23.04,37.06,41.99,44.73,62.63,Bratislava,Slovakia
49.37,23.62,37.3,40.25,42.42,44.87,Porto,Portugal
49.29,20.98,36.02,42.93,39.2,65.14,Brno,Czech Republic
49.21,20.44,35.73,58.0,33.46,64.95,Hangzhou,China
49.19,10.1,30.87,48.25,61.28,16.38,Paramaribo,Suriname
49.16,20.61,35.78,38.93,40.06,46.47,Funchal,Portugal
49.03,54.01,51.36,41.01,36.79,56.71,Sharjah,United Arab Emirates
48.45,12.66,31.67,42.97,34.27,93.58,Ad Dammam,Saudi Arabia
48.21,14.98,32.63,44.03,33.18,61.3,Olomouc,Czech Republic
48.19,17.39,33.75,39.27,44.47,51.15,Kosice,Slovakia
48.0,31.21,40.13,35.81,47.2,68.84,Kuwait City,Kuwait
47.65,17.47,33.51,46.14,43.16,42.86,San Jose,Costa Rica
47.35,15.51,32.43,39.88,38.17,53.04,Coimbra,Portugal
47.06,19.73,34.25,40.32,32.22,6.27,Abidjan,Ivory Coast
46.99,19.1,33.92,39.26,39.03,46.28,Braga,Portugal
46.94,19.22,33.95,36.84,48.79,62.14,Vilnius,Lithuania
46.47,13.56,31.04,41.28,33.71,65.17,Ostrava,Czech Republic
46.46,17.99,33.11,39.33,37.07,43.88,Aveiro,Portugal
46.13,16.01,32.01,39.18,41.98,52.66,Budapest,Hungary
45.94,16.81,32.28,51.0,38.07,58.75,Suzhou,China
45.69,9.56,28.75,37.05,39.05,17.59,Harare,Zimbabwe
45.67,15.46,31.51,36.37,45.81,49.68,Leiria,Portugal
45.64,15.3,31.42,40.12,47.92,32.08,Santiago,Chile
45.32,14.02,30.65,44.47,37.11,21.83,San Salvador,El Salvador
45.31,12.08,29.73,37.6,48.6,15.87,Caracas,Venezuela
44.87,15.89,31.28,35.54,41.17,72.15,Johannesburg,South Africa
44.74,13.22,29.97,36.18,45.77,64.93,Kaunas,Lithuania
44.66,10.69,28.74,41.48,35.56,22.21,Santo Domingo,Dominican Republic
44.59,16.09,31.23,42.19,33.71,24.37,Guatemala City,Guatemala
44.34,16.39,31.24,46.43,28.95,27.28,Phuket,Thailand
43.94,20.55,32.98,33.93,42.14,66.04,Warsaw,Poland
43.81,12.87,29.31,50.73,27.4,56.04,Chengdu,China
43.61,9.63,27.68,37.23,35.41,56.42,Osijek,Croatia
43.26,11.0,28.14,43.83,22.8,19.69,Quezon City,Philippines
42.92,15.33,29.98,34.59,38.35,50.58,Gdynia,Poland
42.87,16.31,30.42,46.21,23.86,14.1,Bali,Indonesia
42.76,14.21,29.38,35.05,36.46,87.26,Pretoria,South Africa
42.7,11.81,28.22,35.71,52.25,51.4,Gaborone,Botswana
42.29,15.91,29.93,43.25,28.47,72.85,Nanjing,China
42.24,14.58,29.27,36.68,38.75,55.31,Sofia,Bulgaria
42.22,12.69,28.37,46.46,21.6,29.88,Chiang Mai,Thailand
42.2,28.04,35.56,33.38,44.85,49.56,Moscow,Russia
42.13,13.98,28.93,42.79,26.5,23.25,Pattaya,Thailand
41.32,17.95,30.37,35.0,35.02,64.36,Gdansk,Poland
41.3,17.76,30.26,33.13,37.8,67.1,Krakow (Cracow),Poland
41.12,17.52,30.06,33.9,35.12,59.89,Wroclaw,Poland
41.11,21.43,31.88,43.52,27.08,70.13,Guangzhou,China
40.98,22.64,32.38,34.81,41.41,75.83,Cape Town,South Africa
40.86,16.46,29.42,41.78,23.44,25.32,Jakarta,Indonesia
40.83,12.15,27.39,37.71,33.36,47.23,Pecs,Hungary
40.77,25.18,33.46,39.85,25.18,22.24,Manila,Philippines
40.72,14.92,28.63,33.89,35.71,58.32,Poznan,Poland
40.48,12.62,27.42,38.0,31.34,29.69,Quito,Ecuador
40.33,14.69,28.31,33.58,37.72,73.88,Durban,South Africa
40.26,14.14,28.02,34.41,33.37,64.03,Katowice,Poland
40.16,14.75,28.25,35.43,36.57,53.12,Cluj-Napoca,Romania
40.1,14.84,28.26,33.5,39.45,53.15,Bucharest,Romania
40.08,10.23,26.09,35.43,32.33,49.5,Szeged,Hungary
40.05,13.88,27.78,30.1,34.51,36.05,Belgrade,Serbia
40.03,10.81,26.33,37.04,30.39,49.86,Debrecen,Hungary
39.98,13.89,27.75,44.89,22.83,60.88,Petaling Jaya,Malaysia
39.94,12.28,26.97,32.34,33.7,29.96,Marrakech,Morocco
39.34,11.54,26.31,32.87,30.69,35.98,Podgorica,Montenegro
39.31,15.38,28.1,33.75,32.29,51.05,Szczecin,Poland
39.25,9.87,25.48,47.29,20.16,39.43,Kota Kinabalu,Malaysia
39.25,14.13,27.47,41.08,24.67,64.04,Kuala Lumpur,Malaysia
39.14,8.32,24.7,34.27,36.27,46.29,Varna,Bulgaria
39.04,18.8,29.55,39.43,35.29,44.68,Suva,Fiji
39.04,13.14,26.9,44.17,21.33,17.64,Cebu,Philippines
39.01,17.85,29.09,39.91,21.57,30.87,Ho Chi Minh City,Vietnam
38.85,15.34,27.83,35.22,41.42,38.24,Cancun,Mexico
38.74,20.04,29.97,41.01,32.77,21.12,Accra,Ghana
38.68,11.33,25.86,30.99,29.86,31.15,Tirana,Albania
38.57,11.65,25.95,34.01,29.39,31.41,Guayaquil,Ecuador
38.46,15.34,27.62,37.47,36.54,42.98,Monterrey,Mexico
38.42,9.44,24.84,34.5,31.14,45.56,Plovdiv,Bulgaria
38.42,9.27,24.76,32.34,27.81,43.73,Sarajevo,Bosnia And Herzegovina
38.04,13.89,26.72,30.29,31.12,60.2,Lublin,Poland
38.03,12.56,26.09,32.56,32.77,39.88,Erbil (Irbil),Iraq
38.01,11.6,25.63,33.02,30.64,32.91,Santa Cruz,Bolivia
37.98,17.23,28.25,24.37,18.47,22.77,Isfahan (Esfahan),Iran
37.94,13.94,26.69,31.45,30.2,57.76,Lodz,Poland
37.81,17.14,28.12,32.33,36.46,40.77,Saint Petersburg,Russia
37.61,7.92,23.69,32.6,27.12,38.29,Banja Luka,Bosnia And Herzegovina
37.61,9.31,24.34,39.6,21.49,65.85,Penang,Malaysia
37.53,10.87,25.03,33.15,27.83,34.57,La Paz,Bolivia
37.51,14.49,26.72,32.13,31.55,29.23,Sao Paulo,Brazil
37.44,10.32,24.73,29.45,29.78,42.73,Novi Sad,Serbia
37.41,20.93,29.68,35.45,37.82,36.74,Mexico City,Mexico
37.33,61.89,48.84,39.28,29.59,8.3,Lagos,Nigeria
37.26,11.24,25.06,30.69,37.25,45.4,Constanta,Romania
37.13,11.03,24.9,31.26,33.64,44.06,Iasi,Romania
36.85,12.21,25.3,38.66,19.21,30.67,Hanoi,Vietnam
36.85,10.25,24.38,34.34,26.53,33.16,Tangier,Morocco
36.84,11.08,24.77,29.88,31.75,43.54,Brasilia,Brazil
36.82,8.09,23.35,32.3,34.44,42.39,Burgas,Bulgaria
36.74,9.45,23.95,31.62,17.87,18.71,Baguio,Philippines
36.67,11.51,24.88,31.46,29.14,18.93,Rio de Janeiro,Brazil
36.63,12.18,25.17,33.97,30.98,44.65,Brasov,Romania
36.59,13.49,25.76,31.7,26.04,34.07,Casablanca,Morocco
36.38,8.96,23.53,37.61,28.65,5.03,Damascus,Syria
36.19,9.57,23.71,32.76,33.8,48.27,Sibiu,Romania
36.16,11.23,24.47,32.16,32.52,54.26,Timisoara,Romania
35.98,11.5,24.5,32.5,26.61,9.83,Kampala,Uganda
35.88,13.57,25.42,32.25,30.62,29.23,Nairobi,Kenya
35.7,11.58,24.4,35.71,36.46,33.5,Merida,Mexico
35.67,14.37,25.68,31.64,29.41,34.67,Rabat,Morocco
35.48,13.02,24.95,38.36,24.27,74.04,"Qingdao, Shandong",China
35.4,11.31,24.11,37.11,30.27,51.02,Queretaro,Mexico
35.39,7.21,22.18,37.61,15.98,21.84,Bandung,Indonesia
35.35,7.91,22.49,32.09,28.48,49.45,Oradea,Romania
35.25,10.73,23.75,28.54,34.35,26.89,Buenos Aires,Argentina
35.12,6.21,21.57,31.49,24.41,23.81,Dhaka,Bangladesh
34.9,8.07,22.32,28.77,25.67,37.02,Skopje,North Macedonia
34.86,11.11,23.73,36.15,23.35,25.02,Ulaanbaatar,Mongolia
34.85,8.59,22.54,31.58,27.98,52.91,Craiova,Romania
34.81,7.13,21.84,30.66,33.57,31.37,Agadir,Morocco
34.81,12.34,24.28,30.46,26.09,39.03,Baghdad,Iraq
34.65,10.31,23.24,37.39,17.58,23.63,Surabaya,Indonesia
34.6,14.52,25.18,33.18,25.45,28.89,Lima,Peru
34.49,6.28,21.27,32.69,24.98,50.96,Arad,Romania
34.39,9.68,22.81,27.66,30.26,29.31,Florianopolis,Brazil
34.21,12.05,23.82,32.87,23.99,30.84,Cuenca,Ecuador
34.11,18.04,26.58,28.93,30.73,48.16,Kiev (Kyiv),Ukraine
34.1,9.8,22.71,34.07,31.55,74.9,Gurgaon,India
34.05,16.78,25.96,34.1,31.66,35.99,Guadalajara,Mexico
34.02,12.9,24.12,29.65,32.69,33.45,Kazan,Russia
34.01,11.89,23.64,27.81,31.01,29.73,Yerevan,Armenia
33.97,16.59,25.82,31.15,22.16,13.54,Dar es Salaam,Tanzania
33.89,9.92,22.65,27.35,35.03,34.95,Nizhny Novgorod,Russia
33.62,13.86,24.36,39.57,19.92,18.58,Colombo,Sri Lanka
33.57,10.18,22.6,32.85,23.63,37.48,Lusaka,Zambia
33.4,7.26,21.15,26.46,24.98,40.38,Nis,Serbia
33.23,10.91,22.77,29.47,27.76,57.77,Yekaterinburg,Russia
32.79,12.07,23.08,28.51,33.48,31.15,Minsk,Belarus
32.65,9.79,21.94,28.05,33.82,36.59,Krasnodar,Russia
32.54,18.69,26.05,26.44,25.95,22.68,Mashhad,Iran
32.5,7.89,20.97,25.09,21.89,20.99,Belo Horizonte,Brazil
32.39,7.41,20.68,28.71,28.52,24.38,Cairo,Egypt
32.33,8.88,21.34,30.16,24.97,31.24,Porto Alegre,Brazil
32.27,16.04,24.66,27.99,29.84,26.37,Kigali,Rwanda
32.26,9.98,21.81,28.73,31.27,38.35,Novosibirsk,Russia
32.1,8.69,21.13,26.56,30.09,36.94,Rostov-na-donu,Russia
31.94,10.74,22.01,26.48,30.19,32.72,Odessa (Odesa),Ukraine
31.82,10.41,21.78,25.52,26.56,34.38,Chisinau,Moldova
31.81,7.62,20.47,27.2,25.31,32.28,Curitiba,Brazil
31.6,9.46,21.23,27.73,29.83,28.03,Baku,Azerbaijan
31.47,22.8,27.41,21.75,25.88,14.55,Tehran,Iran
31.14,9.97,21.22,23.77,21.01,28.73,Istanbul,Turkey
30.95,10.25,21.25,26.67,29.06,29.47,Tbilisi,Georgia
30.8,9.77,20.94,36.08,13.91,12.16,Yogyakarta,Indonesia
30.62,10.31,21.1,25.52,24.9,27.38,Asuncion,Paraguay
30.46,11.6,21.62,26.14,24.61,33.98,Kharkiv,Ukraine
30.3,10.05,20.81,25.99,30.31,41.0,Astana (Nur-Sultan),Kazakhstan
30.27,6.26,19.02,31.11,24.36,46.47,Chandigarh,India
30.22,11.95,21.65,26.98,28.64,33.55,Almaty,Kazakhstan
29.94,6.45,18.93,28.83,17.08,24.2,Tunis,Tunisia
29.87,4.78,18.11,28.05,22.61,23.16,Kathmandu,Nepal
29.84,6.67,18.98,30.25,20.79,21.78,Algiers,Algeria
29.67,10.53,20.7,26.62,24.35,38.3,Lviv,Ukraine
29.36,10.66,20.59,28.76,27.02,22.63,Tashkent,Uzbekistan
29.33,19.72,24.82,29.73,25.17,48.03,Mumbai,India
29.26,10.49,20.46,24.57,23.66,32.74,Dnipro,Ukraine
29.21,6.37,18.5,29.25,24.46,62.57,Noida,India
28.81,9.47,19.74,25.65,22.53,32.78,Medellin,Colombia
28.43,6.64,18.22,27.33,22.78,20.28,Alexandria,Egypt
28.42,7.77,18.74,25.66,18.16,27.03,Barranquilla,Colombia
28.38,10.9,20.19,31.59,23.14,78.67,Navi Mumbai,India
28.37,6.39,18.06,23.44,18.66,35.18,Izmir,Turkey
28.23,8.46,18.96,27.75,24.45,60.44,Delhi,India
28.2,8.59,19.01,31.14,20.04,102.64,Bangalore,India
27.94,11.61,20.29,24.33,21.98,26.1,Bogota,Colombia
27.72,8.47,18.7,28.44,24.88,36.29,Goa,India
27.57,7.12,17.98,28.86,22.75,53.68,Pune,India
27.55,5.26,17.1,28.37,19.88,54.56,Ghaziabad,India
27.53,8.26,18.5,30.55,23.84,66.14,Thane,India
27.33,4.18,16.48,30.58,21.19,38.61,Ranchi,India
27.17,6.31,17.39,21.43,17.97,39.07,Ankara,Turkey
26.61,6.47,17.17,29.69,18.17,51.21,Hyderabad,India
26.56,5.4,16.64,27.34,20.03,51.07,Faridabad,India
26.55,8.34,18.02,24.76,22.54,23.06,Bishkek,Kyrgyzstan
26.15,9.04,18.13,22.99,19.69,47.48,Pristina,Kosovo (Disputed Territory)
26.08,6.76,17.02,28.88,16.98,46.31,Chennai,India
26.01,5.93,16.59,28.52,19.15,39.11,Ahmedabad,India
25.99,5.57,16.42,28.24,18.89,44.66,Kolkata,India
25.78,7.0,16.98,22.61,17.95,31.08,Cali,Colombia
25.61,4.24,15.59,28.59,18.37,39.6,Guwahati,India
25.42,4.99,15.84,25.72,20.36,48.19,Lucknow (Lakhnau),India
25.38,3.79,15.26,31.29,12.3,32.82,Madurai,India
25.34,7.12,16.8,27.62,20.18,41.98,Surat,India
25.32,4.48,15.55,27.55,19.49,46.1,Vadodara,India
24.95,5.32,15.75,26.24,16.86,37.17,Vijayawada,India
24.92,3.7,14.97,27.36,18.34,35.75,Ludhiana,India
24.85,6.93,16.45,26.29,14.6,128.47,"Cyberjaya, Selangor",Malaysia
24.81,4.44,15.26,27.7,16.98,63.17,Raipur,India
24.75,5.03,15.51,23.54,19.88,40.36,Dehradun,India
24.6,4.74,15.29,27.92,14.48,35.31,Nashik,India
24.5,4.59,15.17,26.47,16.27,40.0,Indore,India
24.47,4.46,15.09,28.31,16.27,44.8,Rajkot,India
24.39,4.45,15.04,26.47,18.85,42.48,Nagpur,India
24.04,5.82,15.5,26.53,18.27,46.52,Ernakulam,India
24.03,5.4,15.3,28.27,14.52,42.7,Visakhapatnam,India
23.97,5.04,15.1,24.58,16.53,51.5,Jaipur,India
23.97,3.45,14.35,25.81,18.25,36.78,Patna,India
23.73,4.58,14.75,27.17,14.87,47.91,Mangalore,India
23.7,5.93,15.37,18.09,16.7,30.42,Bucaramanga,Colombia
23.45,4.85,14.73,26.68,15.04,40.73,Coimbatore,India
23.35,3.58,14.08,24.45,18.7,45.78,Bhopal,India
23.34,4.47,14.49,25.97,14.58,54.15,Bhubaneswar,India
23.16,4.92,14.61,25.82,14.32,46.46,Mysore,India
22.9,6.3,15.12,25.89,13.48,59.47,Kochi,India
22.81,2.97,13.51,22.62,19.38,27.91,Agra,India
22.04,2.94,13.08,21.79,19.31,58.35,Jammu,India
21.75,4.43,13.64,22.96,13.59,73.73,Thiruvananthapuram,India
21.57,4.5,13.57,22.83,12.07,50.02,Kozhikode (Calicut),India
21.53,4.03,13.33,18.48,17.34,24.42,Lahore,Pakistan
21.5,5.79,14.13,18.39,18.19,29.52,Islamabad,Pakistan
21.35,3.17,12.83,15.22,14.85,22.79,Kabul,Afghanistan
21.28,3.89,13.13,24.27,11.39,54.43,Thrissur,India
20.79,3.6,12.73,22.19,13.31,38.83,Kanpur,India
20.75,4.84,13.29,18.48,15.21,29.16,Karachi,Pakistan
20.52,4.78,13.14,18.51,16.18,22.91,Rawalpindi,Pakistan
18.68,2.94,11.3,18.37,11.8,25.09,Multan,Pakistan
18.55,2.37,10.97,16.62,14.39,26.0,Peshawar,Pakistan
